"","X","LONELY","KIDS","ADULTS","VOLUNTEE","NUMHOUSEHOLD","AGE","LIVEALONE"
"1",1,0,0,2,2,2,71,"No"
"2",2,0,3,2,1,5,35,"No"
"3",3,0,0,2,1,2,70,"No"
"4",4,2,3,2,2,5,51,"No"
"5",5,0,0,2,1,2,71,"No"
"6",6,2,0,2,1,2,82,"No"
"7",7,0,0,5,2,5,53,"No"
"8",8,0,0,2,1,2,81,"No"
"9",9,0,0,2,2,2,78,"No"
"10",10,0,0,2,2,2,31,"No"
"11",11,0,1,2,2,3,45,"No"
"12",12,0,0,1,2,1,71,"Yes"
"13",13,0,0,1,7,1,86,"Yes"
"14",14,0,0,4,2,4,68,"No"
"15",15,0,2,2,1,4,47,"No"
"16",16,0,0,2,2,2,85,"No"
"17",17,0,0,2,1,2,68,"No"
"18",18,0,1,4,2,5,51,"No"
"19",19,1,0,1,2,1,70,"Yes"
"20",20,0,2,2,7,4,45,"No"
"21",21,0,2,3,1,5,56,"No"
"22",22,0,0,2,2,2,69,"No"
"23",23,0,3,2,2,5,39,"No"
"24",24,0,0,2,1,2,69,"No"
"25",25,0,0,1,2,1,64,"Yes"
"26",26,1,0,2,1,2,74,"No"
"27",27,0,0,3,2,3,74,"No"
"28",28,0,2,2,7,4,29,"No"
"29",29,0,3,2,1,5,46,"No"
"30",30,0,1,1,1,2,52,"No"
"31",31,0,0,2,1,2,55,"No"
"32",32,0,0,2,1,2,85,"No"
"33",33,0,1,2,2,3,51,"No"
"34",34,0,0,2,1,2,75,"No"
"35",35,0,1,2,2,3,38,"No"
"36",36,0,0,2,1,2,84,"No"
"37",37,7,4,2,1,6,48,"No"
"38",38,0,0,2,1,2,72,"No"
"39",39,0,2,2,1,4,44,"No"
"40",40,0,0,2,2,2,60,"No"
"41",41,0,0,2,2,2,31,"No"
"42",42,0,2,2,1,4,44,"No"
"43",43,0,1,2,1,3,44,"No"
"44",44,0,1,3,1,4,55,"No"
"45",45,0,0,1,2,1,79,"Yes"
"46",46,0,0,4,2,4,73,"No"
"47",47,0,1,2,2,3,40,"No"
"48",48,0,1,3,1,4,50,"No"
"49",49,0,0,2,1,2,71,"No"
"50",50,0,0,2,2,2,62,"No"
"51",51,0,0,2,1,2,45,"No"
"52",52,0,0,5,2,5,58,"No"
"53",53,0,0,3,1,3,68,"No"
"54",54,0,0,3,2,3,47,"No"
"55",55,0,0,1,1,1,93,"Yes"
"56",56,0,0,2,2,2,72,"No"
"57",57,0,0,2,1,2,78,"No"
"58",58,0,2,2,2,4,34,"No"
"59",59,0,2,2,1,4,38,"No"
"60",60,0,0,1,2,1,69,"Yes"
"61",61,0,0,2,1,2,69,"No"
"62",62,0,2,2,1,4,46,"No"
"63",63,0,0,2,2,2,75,"No"
"64",64,0,0,2,2,2,76,"No"
"65",66,7,0,2,1,2,87,"No"
"66",67,0,0,2,1,2,73,"No"
"67",68,1,3,2,1,5,32,"No"
"68",69,0,0,1,1,1,78,"Yes"
"69",70,2,0,1,2,1,73,"Yes"
"70",71,0,1,2,1,3,49,"No"
"71",72,2,0,1,2,1,80,"Yes"
"72",73,0,0,2,2,2,62,"No"
"73",74,0,0,1,1,1,76,"Yes"
"74",75,0,0,2,2,2,32,"No"
"75",76,0,0,1,2,1,74,"Yes"
"76",77,0,0,3,1,3,68,"No"
"77",78,0,0,1,1,1,69,"Yes"
"78",79,0,0,2,2,2,71,"No"
"79",80,0,0,1,2,1,45,"Yes"
"80",81,0,1,2,1,3,41,"No"
"81",82,0,0,2,1,2,78,"No"
"82",83,0,2,2,1,4,54,"No"
"83",84,0,1,3,1,4,57,"No"
"84",85,0,0,4,2,4,48,"No"
"85",86,0,0,2,2,2,66,"No"
"86",87,0,1,2,2,3,37,"No"
"87",88,0,0,5,1,5,54,"No"
"88",89,0,0,2,2,2,70,"No"
"89",90,0,0,1,1,1,82,"Yes"
"90",91,0,0,2,2,2,85,"No"
"91",92,0,0,3,1,3,68,"No"
"92",93,0,1,2,1,3,52,"No"
"93",94,1,2,2,1,4,42,"No"
"94",95,7,0,1,2,1,88,"Yes"
"95",96,0,0,1,2,1,80,"Yes"
"96",97,0,0,1,1,1,79,"Yes"
"97",98,0,0,3,1,3,55,"No"
"98",99,0,0,2,1,2,56,"No"
"99",100,0,0,3,1,3,76,"No"
"100",101,1,0,1,1,1,77,"Yes"
"101",102,7,0,1,2,1,35,"Yes"
"102",103,0,0,1,2,1,74,"Yes"
"103",104,0,0,1,1,1,54,"Yes"
"104",105,0,0,2,2,2,74,"No"
"105",106,0,1,2,1,3,68,"No"
"106",107,0,0,2,1,2,74,"No"
"107",108,2,2,2,2,4,44,"No"
"108",109,2,0,1,1,1,78,"Yes"
"109",110,0,0,2,2,2,72,"No"
"110",111,7,1,2,2,3,39,"No"
"111",112,0,3,2,1,5,37,"No"
"112",113,1,0,1,2,1,38,"Yes"
"113",114,0,0,2,1,2,80,"No"
"114",115,0,0,1,1,1,73,"Yes"
"115",116,0,0,3,2,3,65,"No"
"116",117,0,0,1,2,1,90,"Yes"
"117",118,3,3,2,2,5,47,"No"
"118",119,0,3,2,2,5,49,"No"
"119",120,0,0,2,1,2,39,"No"
"120",121,3,2,2,2,4,42,"No"
"121",122,0,1,2,2,3,29,"No"
"122",123,0,0,1,1,1,77,"Yes"
"123",124,0,0,1,1,1,87,"Yes"
"124",125,0,0,2,1,2,52,"No"
"125",126,0,0,2,2,2,81,"No"
"126",127,0,0,2,1,2,78,"No"
"127",128,0,1,3,1,4,60,"No"
"128",129,1,0,4,2,4,63,"No"
"129",130,7,0,2,1,2,73,"No"
"130",131,0,0,3,2,3,61,"No"
"131",133,0,0,2,2,2,58,"No"
"132",134,0,0,2,2,2,65,"No"
"133",135,7,3,1,2,4,44,"No"
"134",136,0,2,3,2,5,48,"No"
"135",137,0,0,2,1,2,54,"No"
"136",138,0,0,2,1,2,85,"No"
"137",139,0,0,1,1,1,53,"Yes"
"138",140,0,0,3,2,3,36,"No"
"139",141,0,0,2,1,2,69,"No"
"140",142,0,0,2,2,2,35,"No"
"141",143,0,0,2,2,2,70,"No"
"142",144,0,0,3,2,3,69,"No"
"143",145,0,4,2,1,6,39,"No"
"144",146,0,1,1,1,2,53,"No"
"145",147,0,2,1,1,3,41,"No"
"146",148,0,0,3,2,3,55,"No"
"147",149,2,0,1,1,1,41,"Yes"
"148",150,0,1,1,2,2,33,"No"
"149",151,0,1,3,1,4,49,"No"
"150",152,0,0,2,2,2,39,"No"
"151",153,0,2,2,1,4,53,"No"
"152",154,1,2,1,2,3,42,"No"
"153",155,0,2,2,1,4,55,"No"
"154",156,0,1,2,2,3,48,"No"
"155",157,0,1,2,2,3,58,"No"
"156",158,7,0,3,1,3,26,"No"
"157",159,0,1,1,2,2,55,"No"
"158",160,0,0,2,1,2,56,"No"
"159",161,0,0,1,2,1,75,"Yes"
"160",162,0,0,2,2,2,26,"No"
"161",163,0,0,3,2,3,51,"No"
"162",164,0,0,2,2,2,57,"No"
"163",165,0,0,2,2,2,66,"No"
"164",166,0,1,2,2,3,39,"No"
"165",167,0,4,2,1,6,48,"No"
"166",168,0,0,2,2,2,64,"No"
"167",169,0,3,2,1,5,60,"No"
"168",170,0,2,3,1,5,45,"No"
"169",172,0,0,2,2,2,73,"No"
"170",173,7,0,1,1,1,60,"Yes"
"171",174,0,2,2,2,4,44,"No"
"172",175,0,1,2,2,3,27,"No"
"173",176,0,0,4,1,4,81,"No"
"174",177,0,0,2,2,2,80,"No"
"175",178,0,1,2,2,3,57,"No"
"176",179,1,0,2,1,2,54,"No"
"177",180,0,0,2,1,2,80,"No"
"178",181,0,3,2,1,5,43,"No"
"179",182,0,1,2,1,3,33,"No"
"180",183,0,0,2,1,2,65,"No"
"181",184,3,0,1,2,1,65,"Yes"
"182",185,0,1,2,1,3,52,"No"
"183",186,0,3,2,1,5,47,"No"
"184",187,0,2,2,1,4,39,"No"
"185",188,1,2,2,1,4,34,"No"
"186",189,0,3,2,1,5,37,"No"
"187",190,0,0,4,2,4,79,"No"
"188",191,0,0,3,2,3,75,"No"
"189",192,0,0,2,1,2,80,"No"
"190",193,0,0,3,2,3,64,"No"
"191",194,0,0,2,1,2,74,"No"
"192",195,0,0,2,2,2,85,"No"
"193",196,0,0,2,1,2,89,"No"
"194",197,0,0,2,2,2,62,"No"
"195",198,0,1,2,2,3,55,"No"
"196",199,0,0,2,1,2,81,"No"
"197",200,3,0,3,1,3,54,"No"
"198",201,2,0,3,1,3,43,"No"
"199",202,0,0,1,2,1,75,"Yes"
"200",203,0,0,2,1,2,81,"No"
"201",204,0,0,4,2,4,26,"No"
"202",205,0,0,2,2,2,84,"No"
"203",206,0,2,2,2,4,50,"No"
"204",207,0,0,1,2,1,83,"Yes"
"205",208,0,0,1,2,1,55,"Yes"
"206",209,0,0,2,1,2,87,"No"
"207",210,0,0,2,1,2,78,"No"
"208",211,0,0,2,1,2,69,"No"
"209",212,4,0,2,2,2,70,"No"
"210",213,0,0,3,1,3,76,"No"
"211",214,0,0,1,1,1,70,"Yes"
"212",215,0,0,1,2,1,67,"Yes"
"213",216,0,0,1,2,1,72,"Yes"
"214",217,0,0,2,2,2,75,"No"
"215",218,0,2,3,2,5,25,"No"
"216",220,1,0,2,1,2,58,"No"
"217",221,1,1,2,2,3,36,"No"
"218",222,3,0,4,1,4,82,"No"
"219",223,0,0,2,1,2,68,"No"
"220",224,0,3,2,2,5,38,"No"
"221",225,0,3,2,1,5,39,"No"
"222",226,0,2,2,1,4,39,"No"
"223",227,0,0,4,1,4,75,"No"
"224",228,0,0,3,2,3,71,"No"
"225",229,0,0,1,1,1,72,"Yes"
"226",230,0,0,2,1,2,74,"No"
"227",231,0,2,4,1,6,52,"No"
"228",232,1,0,2,2,2,37,"No"
"229",233,0,0,1,2,1,75,"Yes"
"230",234,0,0,1,1,1,73,"Yes"
"231",235,0,0,2,1,2,77,"No"
"232",236,0,0,1,1,1,95,"Yes"
"233",237,0,0,2,1,2,78,"No"
"234",238,2,0,4,1,4,68,"No"
"235",239,0,4,2,2,6,42,"No"
"236",240,0,0,2,1,2,70,"No"
"237",241,5,0,1,2,1,44,"Yes"
"238",242,0,0,1,1,1,80,"Yes"
"239",243,0,1,3,1,4,45,"No"
"240",244,0,0,1,2,1,34,"Yes"
"241",245,0,0,2,1,2,59,"No"
"242",246,0,0,2,1,2,87,"No"
"243",247,0,0,2,1,2,69,"No"
"244",248,0,0,1,1,1,51,"Yes"
"245",249,0,2,2,1,4,60,"No"
"246",250,0,0,2,1,2,75,"No"
"247",251,0,0,2,1,2,71,"No"
"248",252,0,0,1,1,1,66,"Yes"
"249",253,0,0,1,1,1,90,"Yes"
"250",254,0,0,2,1,2,78,"No"
"251",255,0,0,1,1,1,81,"Yes"
"252",256,0,0,2,1,2,77,"No"
"253",257,0,2,3,1,5,52,"No"
"254",258,0,1,2,2,3,47,"No"
"255",259,0,2,2,1,4,30,"No"
"256",260,0,3,2,1,5,40,"No"
"257",261,0,0,2,2,2,92,"No"
"258",262,0,0,2,1,2,74,"No"
"259",263,0,0,1,2,1,68,"Yes"
"260",264,0,3,2,1,5,52,"No"
"261",265,0,0,2,1,2,83,"No"
"262",266,0,1,1,1,2,72,"No"
"263",267,0,0,4,2,4,78,"No"
"264",268,2,0,1,2,1,47,"Yes"
"265",269,0,0,2,1,2,59,"No"
"266",270,0,0,2,1,2,79,"No"
"267",271,0,0,2,1,2,55,"No"
"268",272,1,0,4,2,4,74,"No"
"269",273,0,0,2,2,2,70,"No"
"270",274,0,0,2,1,2,70,"No"
"271",275,0,0,3,2,3,54,"No"
"272",276,1,0,1,1,1,51,"Yes"
"273",277,0,1,4,1,5,26,"No"
"274",278,0,1,2,1,3,41,"No"
"275",279,0,0,1,2,1,91,"Yes"
"276",280,0,0,1,2,1,64,"Yes"
"277",281,0,0,2,1,2,70,"No"
"278",282,0,0,2,1,2,77,"No"
"279",283,0,0,2,1,2,69,"No"
"280",284,2,0,1,2,1,78,"Yes"
"281",285,7,0,1,2,1,35,"Yes"
"282",286,0,0,2,1,2,74,"No"
"283",287,0,0,2,2,2,69,"No"
"284",288,1,0,1,1,1,70,"Yes"
"285",289,0,3,3,2,6,41,"No"
"286",290,0,2,3,1,5,49,"No"
"287",291,2,0,2,1,2,76,"No"
"288",292,0,2,2,1,4,42,"No"
"289",293,0,0,1,2,1,61,"Yes"
"290",294,7,0,3,2,3,52,"No"
"291",295,0,0,4,2,4,30,"No"
"292",296,0,0,1,2,1,56,"Yes"
"293",297,0,0,2,2,2,78,"No"
"294",298,0,0,2,2,2,80,"No"
"295",299,0,0,2,1,2,73,"No"
"296",300,0,3,2,1,5,41,"No"
"297",301,0,0,2,2,2,71,"No"
"298",302,0,4,2,1,6,45,"No"
"299",303,0,0,1,2,1,93,"Yes"
"300",304,7,0,2,2,2,36,"No"
"301",305,0,0,1,1,1,88,"Yes"
"302",306,0,1,3,1,4,77,"No"
"303",307,0,0,1,2,1,47,"Yes"
"304",308,0,3,2,2,5,41,"No"
"305",309,0,0,2,2,2,32,"No"
"306",310,0,0,2,2,2,80,"No"
"307",311,0,0,1,2,1,87,"Yes"
"308",312,0,1,2,2,3,41,"No"
"309",313,0,2,2,1,4,40,"No"
"310",314,0,1,1,2,2,47,"No"
"311",315,0,0,2,2,2,41,"No"
"312",316,0,0,2,1,2,38,"No"
"313",317,0,0,2,1,2,73,"No"
"314",318,0,0,1,1,1,93,"Yes"
"315",319,0,1,2,1,3,48,"No"
"316",320,0,0,2,1,2,70,"No"
"317",321,0,1,2,1,3,53,"No"
"318",322,0,0,2,1,2,82,"No"
"319",323,5,0,2,2,2,76,"No"
"320",324,2,0,2,1,2,45,"No"
"321",325,0,0,2,1,2,66,"No"
"322",326,0,2,2,1,4,45,"No"
"323",327,0,0,2,1,2,76,"No"
"324",328,7,1,3,1,4,29,"No"
"325",329,0,2,2,1,4,43,"No"
"326",330,0,0,1,1,1,74,"Yes"
"327",331,0,2,2,1,4,50,"No"
"328",332,7,0,1,1,1,89,"Yes"
"329",333,0,0,2,2,2,68,"No"
"330",334,0,0,1,1,1,78,"Yes"
"331",335,0,1,3,1,4,54,"No"
"332",336,0,0,2,2,2,63,"No"
"333",337,3,2,2,1,4,35,"No"
"334",338,0,0,4,2,4,59,"No"
"335",339,0,0,2,2,2,58,"No"
"336",340,0,0,2,2,2,55,"No"
"337",341,0,0,1,2,1,84,"Yes"
"338",342,0,0,2,2,2,68,"No"
"339",343,4,2,2,2,4,49,"No"
"340",344,0,0,2,1,2,77,"No"
"341",345,0,0,2,2,2,52,"No"
"342",346,0,0,2,1,2,73,"No"
"343",347,0,1,15,2,16,84,"No"
"344",348,0,0,2,1,2,74,"No"
"345",349,0,0,3,1,3,71,"No"
"346",350,0,3,1,2,4,49,"No"
"347",351,7,0,1,2,1,74,"Yes"
"348",352,0,0,2,2,2,65,"No"
"349",353,0,1,5,1,6,73,"No"
"350",354,0,0,2,1,2,70,"No"
"351",355,0,0,2,2,2,70,"No"
"352",356,0,0,2,2,2,66,"No"
"353",357,0,0,2,1,2,79,"No"
"354",358,0,0,2,1,2,71,"No"
"355",359,0,0,3,2,3,82,"No"
"356",360,0,0,2,2,2,56,"No"
"357",361,0,0,1,1,1,74,"Yes"
"358",362,0,2,2,1,4,39,"No"
"359",363,0,1,2,2,3,51,"No"
"360",366,4,0,1,1,1,62,"Yes"
"361",367,0,0,2,2,2,36,"No"
"362",368,2,2,1,1,3,42,"No"
"363",369,0,0,2,1,2,78,"No"
"364",370,0,0,1,1,1,77,"Yes"
"365",371,0,0,1,1,1,83,"Yes"
"366",372,1,5,2,1,7,45,"No"
"367",373,0,0,2,1,2,73,"No"
"368",374,1,2,2,1,4,48,"No"
"369",375,0,2,3,1,5,48,"No"
"370",376,0,3,3,2,6,49,"No"
"371",377,1,3,2,1,5,48,"No"
"372",378,0,3,2,1,5,47,"No"
"373",379,0,1,2,2,3,39,"No"
"374",380,0,0,2,2,2,84,"No"
"375",381,0,0,1,1,1,57,"Yes"
"376",382,0,0,1,2,1,70,"Yes"
"377",383,1,0,1,1,1,73,"Yes"
"378",384,3,1,2,1,3,59,"No"
"379",385,0,2,2,2,4,45,"No"
"380",386,0,0,2,1,2,69,"No"
"381",387,0,2,2,1,4,46,"No"
"382",388,0,0,1,2,1,57,"Yes"
"383",389,3,0,2,2,2,60,"No"
"384",390,0,0,2,1,2,76,"No"
"385",391,0,0,3,2,3,62,"No"
"386",392,0,1,2,2,3,45,"No"
"387",393,0,0,2,1,2,63,"No"
"388",394,0,0,2,2,2,78,"No"
"389",395,0,0,1,2,1,79,"Yes"
"390",396,0,0,1,1,1,74,"Yes"
"391",397,0,0,2,1,2,70,"No"
"392",398,2,0,2,2,2,72,"No"
"393",399,0,2,2,1,4,46,"No"
"394",400,0,0,1,1,1,69,"Yes"
"395",401,0,1,2,1,3,40,"No"
"396",402,0,0,2,2,2,78,"No"
"397",403,0,0,2,2,2,71,"No"
"398",404,0,2,2,1,4,48,"No"
"399",405,0,1,2,1,3,35,"No"
"400",406,0,0,2,1,2,78,"No"
"401",407,0,1,2,2,3,31,"No"
"402",408,0,0,1,1,1,68,"Yes"
"403",409,0,2,2,1,4,37,"No"
"404",410,1,0,4,1,4,26,"No"
"405",412,0,0,3,2,3,70,"No"
"406",413,0,0,1,2,1,67,"Yes"
"407",414,0,0,2,1,2,69,"No"
"408",415,0,5,4,1,9,74,"No"
"409",416,0,0,1,1,1,83,"Yes"
"410",417,0,0,1,2,1,80,"Yes"
"411",418,0,0,1,1,1,80,"Yes"
"412",419,0,1,2,1,3,52,"No"
"413",420,0,0,2,1,2,74,"No"
"414",421,0,2,2,1,4,37,"No"
"415",422,0,0,2,2,2,75,"No"
"416",423,0,1,2,2,3,57,"No"
"417",424,0,0,2,2,2,46,"No"
"418",425,0,0,3,2,3,68,"No"
"419",426,0,0,2,1,2,34,"No"
"420",427,0,2,3,2,5,58,"No"
"421",428,0,0,1,1,1,62,"Yes"
"422",429,0,0,2,2,2,67,"No"
"423",430,0,0,2,1,2,74,"No"
"424",431,7,2,1,1,3,38,"No"
"425",432,0,0,1,2,1,47,"Yes"
"426",433,0,4,2,1,6,46,"No"
"427",434,0,0,4,1,4,55,"No"
"428",435,0,0,2,2,2,44,"No"
"429",436,6,1,1,2,2,42,"No"
"430",437,0,1,4,1,5,29,"No"
"431",438,0,0,2,2,2,89,"No"
"432",439,0,0,2,2,2,35,"No"
"433",440,0,0,2,1,2,82,"No"
"434",441,0,0,2,2,2,64,"No"
"435",442,1,0,1,2,1,69,"Yes"
"436",443,1,0,2,2,2,25,"No"
"437",444,2,3,2,2,5,41,"No"
"438",445,2,0,2,1,2,76,"No"
"439",446,0,0,1,1,1,73,"Yes"
"440",447,0,0,2,1,2,74,"No"
"441",448,1,0,2,1,2,71,"No"
"442",449,0,0,2,2,2,69,"No"
"443",450,0,0,2,2,2,68,"No"
"444",451,0,0,2,1,2,59,"No"
"445",452,0,0,2,2,2,59,"No"
"446",453,0,1,1,2,2,50,"No"
"447",454,1,2,2,2,4,50,"No"
"448",455,1,1,3,1,4,48,"No"
"449",456,0,0,1,1,1,46,"Yes"
"450",457,0,0,2,2,2,68,"No"
"451",458,0,2,2,1,4,41,"No"
"452",459,0,1,2,1,3,50,"No"
"453",460,0,0,1,1,1,92,"Yes"
"454",461,0,0,2,1,2,82,"No"
"455",462,4,0,2,1,2,88,"No"
"456",463,0,0,2,2,2,43,"No"
"457",464,0,3,2,1,5,43,"No"
"458",465,7,0,1,2,1,72,"Yes"
"459",466,0,0,3,2,3,68,"No"
"460",467,0,1,3,2,4,31,"No"
"461",468,0,0,3,2,3,45,"No"
"462",469,1,2,1,1,3,37,"No"
"463",470,0,0,2,1,2,71,"No"
"464",471,0,0,1,1,1,81,"Yes"
"465",472,0,0,2,1,2,78,"No"
"466",473,2,0,1,2,1,55,"Yes"
"467",474,0,0,1,2,1,71,"Yes"
"468",475,0,0,2,1,2,87,"No"
"469",476,0,0,2,1,2,70,"No"
"470",477,0,0,2,2,2,69,"No"
"471",478,2,0,3,2,3,56,"No"
"472",479,0,0,2,1,2,71,"No"
"473",480,0,3,2,1,5,40,"No"
"474",481,0,0,2,1,2,70,"No"
"475",482,0,0,1,1,1,99,"Yes"
"476",483,0,0,2,1,2,84,"No"
"477",484,0,3,2,1,5,41,"No"
"478",485,0,0,2,2,2,36,"No"
"479",486,7,0,2,1,2,58,"No"
"480",487,0,0,2,2,2,94,"No"
"481",488,0,0,4,2,4,28,"No"
"482",489,0,0,3,2,3,52,"No"
"483",490,1,0,1,1,1,71,"Yes"
"484",491,0,1,2,2,3,55,"No"
"485",492,0,1,2,2,3,40,"No"
"486",493,0,2,3,1,5,25,"No"
"487",494,1,0,2,2,2,72,"No"
"488",496,0,0,1,2,1,69,"Yes"
"489",497,0,2,2,2,4,46,"No"
"490",498,7,0,1,1,1,68,"Yes"
"491",499,0,0,2,2,2,73,"No"
"492",500,1,0,2,2,2,70,"No"
"493",502,7,0,2,2,2,76,"No"
"494",503,0,0,1,2,1,68,"Yes"
"495",504,0,0,2,2,2,48,"No"
"496",505,0,0,2,2,2,73,"No"
"497",506,1,0,3,2,3,67,"No"
"498",507,0,0,2,1,2,81,"No"
"499",508,0,0,2,2,2,72,"No"
"500",509,0,0,1,1,1,71,"Yes"
"501",510,0,1,2,1,3,46,"No"
"502",511,2,2,3,2,5,26,"No"
"503",512,2,0,2,1,2,73,"No"
"504",513,0,0,2,2,2,79,"No"
"505",514,0,0,2,1,2,87,"No"
"506",515,0,0,1,1,1,69,"Yes"
"507",516,0,2,3,2,5,55,"No"
"508",517,0,0,2,2,2,80,"No"
"509",518,0,0,1,1,1,90,"Yes"
"510",519,0,2,2,1,4,47,"No"
"511",520,1,0,1,1,1,82,"Yes"
"512",521,0,0,2,1,2,73,"No"
"513",522,0,0,1,2,1,82,"Yes"
"514",523,1,0,1,2,1,35,"Yes"
"515",524,0,3,2,2,5,78,"No"
"516",525,0,4,3,1,7,43,"No"
"517",527,1,0,2,2,2,55,"No"
"518",528,2,0,3,2,3,69,"No"
"519",529,0,0,2,2,2,68,"No"
"520",530,0,0,2,2,2,85,"No"
"521",531,0,0,2,1,2,76,"No"
"522",532,0,0,2,1,2,77,"No"
"523",533,0,0,2,1,2,74,"No"
"524",534,0,0,1,1,1,85,"Yes"
"525",535,0,2,0,1,2,48,"No"
"526",536,0,0,2,1,2,79,"No"
"527",537,0,3,2,1,5,45,"No"
"528",538,0,1,2,1,3,56,"No"
"529",539,0,2,2,2,4,50,"No"
"530",540,0,0,3,1,3,71,"No"
"531",541,0,0,2,2,2,68,"No"
"532",542,3,0,2,2,2,81,"No"
"533",543,0,0,1,1,1,67,"Yes"
"534",544,0,0,2,2,2,83,"No"
"535",545,0,0,3,2,3,69,"No"
"536",546,0,0,1,2,1,67,"Yes"
"537",547,0,0,2,2,2,36,"No"
"538",548,0,0,1,2,1,74,"Yes"
"539",549,2,0,2,2,2,69,"No"
"540",550,0,0,2,2,2,56,"No"
"541",551,0,0,2,1,2,69,"No"
"542",552,0,0,2,1,2,78,"No"
"543",553,0,1,2,2,3,31,"No"
"544",554,0,0,3,2,3,58,"No"
"545",555,0,0,1,1,1,77,"Yes"
"546",556,0,0,1,2,1,49,"Yes"
"547",557,7,0,1,1,1,87,"Yes"
"548",558,0,0,2,2,2,40,"No"
"549",559,0,0,2,2,2,58,"No"
"550",560,0,1,4,2,5,50,"No"
"551",561,0,0,2,1,2,77,"No"
"552",562,0,1,2,2,3,42,"No"
"553",563,2,0,1,2,1,54,"Yes"
"554",564,0,0,1,2,1,80,"Yes"
"555",565,0,0,1,2,1,50,"Yes"
"556",566,0,0,2,1,2,50,"No"
"557",567,0,2,2,2,4,47,"No"
"558",568,0,0,3,1,3,53,"No"
"559",569,0,2,2,1,4,46,"No"
"560",570,0,1,2,1,3,52,"No"
"561",571,0,1,3,1,4,50,"No"
"562",572,1,1,2,1,3,56,"No"
"563",573,0,0,1,1,1,74,"Yes"
"564",574,1,0,2,1,2,63,"No"
"565",575,1,0,2,1,2,66,"No"
"566",576,5,0,2,1,2,46,"No"
"567",577,2,1,5,1,6,49,"No"
"568",578,0,2,2,1,4,46,"No"
"569",579,0,0,2,1,2,75,"No"
"570",580,0,0,2,2,2,42,"No"
"571",581,0,0,1,1,1,42,"Yes"
"572",582,0,4,2,2,6,42,"No"
"573",583,0,0,1,1,1,83,"Yes"
"574",584,1,1,2,1,3,44,"No"
"575",585,0,0,2,2,2,87,"No"
"576",586,0,2,2,2,4,39,"No"
"577",587,0,0,2,1,2,69,"No"
"578",588,0,2,4,2,6,46,"No"
"579",589,0,0,1,2,1,69,"Yes"
"580",590,0,0,1,2,1,32,"Yes"
"581",591,0,1,2,2,3,48,"No"
"582",592,0,1,2,2,3,45,"No"
"583",593,0,0,2,2,2,85,"No"
"584",594,0,0,2,2,2,65,"No"
"585",595,0,0,2,1,2,30,"No"
"586",596,0,0,2,1,2,66,"No"
"587",597,0,2,2,2,4,43,"No"
"588",598,0,0,2,2,2,63,"No"
"589",599,1,0,2,2,2,57,"No"
"590",600,7,0,2,1,2,66,"No"
"591",601,0,2,2,1,4,51,"No"
"592",602,1,2,1,1,3,33,"No"
"593",603,7,0,3,2,3,49,"No"
"594",604,0,0,3,2,3,29,"No"
"595",605,0,0,2,2,2,47,"No"
"596",606,0,0,2,2,2,75,"No"
"597",607,1,5,2,2,7,44,"No"
"598",608,0,0,2,2,2,75,"No"
"599",609,0,0,1,2,1,87,"Yes"
"600",610,0,0,2,1,2,52,"No"
"601",611,0,0,3,1,3,74,"No"
"602",612,0,0,2,2,2,74,"No"
"603",613,0,1,3,2,4,72,"No"
"604",614,0,3,2,1,5,37,"No"
"605",615,0,3,2,1,5,47,"No"
"606",616,0,0,1,2,1,81,"Yes"
"607",617,2,0,1,2,1,60,"Yes"
"608",618,0,4,4,2,8,26,"No"
"609",619,0,0,4,1,4,70,"No"
"610",620,0,0,2,1,2,86,"No"
"611",621,0,0,2,2,2,77,"No"
"612",622,0,0,3,2,3,52,"No"
"613",623,0,3,2,1,5,50,"No"
"614",624,0,1,3,1,4,29,"No"
"615",625,0,0,3,2,3,53,"No"
"616",626,0,1,3,2,4,80,"No"
"617",627,0,0,2,1,2,74,"No"
"618",628,0,0,2,1,2,77,"No"
"619",629,0,0,1,1,1,58,"Yes"
"620",630,0,0,2,2,2,63,"No"
"621",631,2,0,2,2,2,83,"No"
"622",632,0,0,2,1,2,63,"No"
"623",633,0,0,2,2,2,32,"No"
"624",634,1,0,4,2,4,29,"No"
"625",635,3,0,1,2,1,79,"Yes"
"626",636,0,0,2,1,2,77,"No"
"627",637,0,0,2,2,2,75,"No"
"628",638,0,2,2,2,4,33,"No"
"629",639,0,0,2,2,2,64,"No"
"630",640,7,0,1,2,1,67,"Yes"
"631",641,0,1,2,2,3,37,"No"
"632",642,0,0,1,1,1,73,"Yes"
"633",643,0,2,2,1,4,40,"No"
"634",644,0,0,2,1,2,82,"No"
"635",645,0,1,6,1,7,47,"No"
"636",646,0,0,3,2,3,68,"No"
"637",647,0,0,2,1,2,39,"No"
"638",648,0,1,2,2,3,40,"No"
"639",649,0,0,2,2,2,74,"No"
"640",650,1,0,1,2,1,54,"Yes"
"641",651,0,2,2,1,4,46,"No"
"642",652,0,0,1,2,1,79,"Yes"
"643",653,0,2,2,2,4,50,"No"
"644",654,0,1,2,2,3,49,"No"
"645",655,0,0,1,2,1,67,"Yes"
"646",656,0,0,2,2,2,78,"No"
"647",657,0,0,2,2,2,71,"No"
"648",658,0,0,4,2,4,72,"No"
"649",659,0,2,2,1,4,51,"No"
"650",660,0,0,1,1,1,84,"Yes"
"651",661,0,2,2,1,4,39,"No"
"652",662,0,0,2,2,2,75,"No"
"653",663,0,0,1,2,1,93,"Yes"
"654",664,0,1,1,2,2,44,"No"
"655",665,7,0,2,2,2,58,"No"
"656",666,0,2,2,2,4,28,"No"
"657",667,3,1,4,2,5,53,"No"
"658",668,0,3,2,1,5,48,"No"
"659",669,0,0,2,2,2,69,"No"
"660",670,0,0,2,2,2,72,"No"
"661",671,5,0,2,2,2,84,"No"
"662",672,0,4,2,2,6,45,"No"
"663",673,1,0,3,1,3,51,"No"
"664",674,0,2,2,1,4,41,"No"
"665",675,0,2,2,1,4,74,"No"
"666",676,0,1,1,2,2,48,"No"
"667",677,0,1,1,2,2,47,"No"
"668",678,0,0,1,2,1,76,"Yes"
"669",679,0,4,4,1,8,25,"No"
"670",680,0,2,2,1,4,45,"No"
"671",681,0,0,3,1,3,83,"No"
"672",682,7,0,2,2,2,72,"No"
"673",683,0,0,2,2,2,69,"No"
"674",684,0,1,2,1,3,53,"No"
"675",685,0,0,2,1,2,71,"No"
"676",686,0,0,2,2,2,75,"No"
"677",687,0,3,2,2,5,48,"No"
"678",688,0,0,3,2,3,78,"No"
"679",689,7,0,2,1,2,52,"No"
"680",690,0,2,1,1,3,53,"No"
"681",691,0,3,2,2,5,43,"No"
"682",692,0,1,2,1,3,46,"No"
"683",693,1,0,3,1,3,72,"No"
"684",694,1,0,2,1,2,54,"No"
"685",695,0,0,3,1,3,62,"No"
"686",696,1,0,6,2,6,40,"No"
"687",697,0,0,1,2,1,71,"Yes"
"688",698,0,0,4,1,4,69,"No"
"689",699,0,0,2,1,2,78,"No"
"690",700,0,0,2,2,2,65,"No"
"691",701,0,0,2,2,2,74,"No"
"692",702,0,2,2,1,4,58,"No"
"693",704,0,0,2,1,2,86,"No"
"694",705,0,2,2,2,4,35,"No"
"695",706,2,0,1,2,1,82,"Yes"
"696",707,0,1,2,1,3,69,"No"
"697",708,0,0,2,2,2,31,"No"
"698",709,0,2,2,1,4,42,"No"
"699",710,7,2,3,2,5,25,"No"
"700",711,0,2,3,1,5,53,"No"
"701",712,0,3,4,1,7,58,"No"
"702",713,0,2,2,1,4,44,"No"
"703",714,0,2,2,1,4,48,"No"
"704",715,0,0,2,1,2,73,"No"
"705",716,0,1,3,2,4,31,"No"
"706",717,0,0,2,1,2,75,"No"
"707",718,0,4,1,1,5,54,"No"
"708",719,0,0,1,1,1,80,"Yes"
"709",720,0,1,2,1,3,46,"No"
"710",721,7,0,1,2,1,48,"Yes"
"711",722,0,0,2,1,2,67,"No"
"712",723,0,0,2,1,2,67,"No"
"713",724,0,0,5,2,5,56,"No"
"714",725,0,0,1,2,1,50,"Yes"
"715",726,0,0,1,1,1,67,"Yes"
"716",727,0,0,1,1,1,80,"Yes"
"717",728,0,0,3,2,3,26,"No"
"718",729,0,0,2,2,2,47,"No"
"719",730,0,3,2,1,5,44,"No"
"720",731,0,0,1,1,1,87,"Yes"
"721",732,0,2,2,2,4,42,"No"
"722",733,0,2,1,2,3,45,"No"
"723",734,0,0,1,2,1,57,"Yes"
"724",735,0,0,2,2,2,69,"No"
"725",736,2,0,1,2,1,36,"Yes"
"726",737,0,0,1,2,1,77,"Yes"
"727",738,0,0,2,2,2,64,"No"
"728",739,3,0,1,1,1,79,"Yes"
"729",740,0,0,2,1,2,63,"No"
"730",741,0,0,2,2,2,71,"No"
"731",742,0,0,2,2,2,66,"No"
"732",743,0,0,2,1,2,46,"No"
"733",744,0,0,2,1,2,61,"No"
"734",745,0,0,2,1,2,65,"No"
"735",746,0,0,2,2,2,77,"No"
"736",747,0,0,1,2,1,28,"Yes"
"737",748,0,2,2,1,4,46,"No"
"738",749,0,0,1,2,1,76,"Yes"
"739",750,0,0,1,2,1,53,"Yes"
"740",751,0,4,2,2,6,41,"No"
"741",752,0,1,3,1,4,54,"No"
"742",753,0,0,1,1,1,80,"Yes"
"743",754,0,0,2,1,2,57,"No"
"744",755,0,0,1,1,1,74,"Yes"
"745",756,0,4,2,1,6,42,"No"
"746",757,0,2,2,2,4,46,"No"
"747",758,0,0,2,2,2,64,"No"
"748",759,1,1,2,2,3,36,"No"
"749",760,0,0,1,1,1,74,"Yes"
"750",761,0,1,2,2,3,62,"No"
"751",762,0,0,1,1,1,78,"Yes"
"752",763,0,0,2,2,2,80,"No"
"753",764,0,0,2,2,2,59,"No"
"754",765,5,0,1,2,1,68,"Yes"
"755",766,0,0,2,1,2,88,"No"
"756",767,0,0,3,1,3,54,"No"
"757",768,0,0,2,1,2,78,"No"
"758",769,0,0,2,1,2,43,"No"
"759",770,4,0,1,2,1,73,"Yes"
"760",771,0,0,2,2,2,76,"No"
"761",772,0,0,2,1,2,81,"No"
"762",773,0,3,2,1,5,47,"No"
"763",774,0,0,3,2,3,69,"No"
"764",775,0,0,2,1,2,77,"No"
"765",776,0,1,2,2,3,39,"No"
"766",777,1,2,2,2,4,45,"No"
"767",778,0,1,1,1,2,51,"No"
"768",779,0,0,2,1,2,78,"No"
"769",780,0,2,1,1,3,37,"No"
"770",781,0,2,2,2,4,43,"No"
"771",782,0,3,2,2,5,35,"No"
"772",783,0,1,1,2,2,42,"No"
"773",784,1,0,1,1,1,27,"Yes"
"774",785,0,0,2,1,2,80,"No"
"775",786,0,0,1,2,1,83,"Yes"
"776",787,2,0,4,2,4,30,"No"
"777",788,0,0,2,2,2,84,"No"
"778",789,1,0,2,2,2,45,"No"
"779",790,0,1,3,2,4,58,"No"
"780",791,7,0,2,1,2,70,"No"
"781",792,0,0,1,2,1,41,"Yes"
"782",793,0,0,1,2,1,80,"Yes"
"783",794,7,0,1,2,1,75,"Yes"
"784",795,0,0,3,1,3,71,"No"
"785",796,0,0,2,1,2,69,"No"
"786",797,0,0,1,2,1,60,"Yes"
"787",798,0,1,2,1,3,33,"No"
"788",799,0,0,2,2,2,63,"No"
"789",800,0,0,2,2,2,50,"No"
"790",801,0,0,3,1,3,67,"No"
"791",802,0,0,2,2,2,38,"No"
"792",803,0,0,1,2,1,79,"Yes"
"793",804,0,2,2,2,4,41,"No"
"794",805,0,0,2,2,2,46,"No"
"795",806,0,0,1,1,1,76,"Yes"
"796",807,0,0,2,1,2,58,"No"
"797",808,0,0,1,2,1,91,"Yes"
"798",809,0,0,2,2,2,38,"No"
"799",810,1,0,1,2,1,83,"Yes"
"800",811,0,2,2,1,4,36,"No"
"801",812,1,0,1,2,1,42,"Yes"
"802",813,1,2,1,2,3,31,"No"
"803",814,0,0,3,1,3,58,"No"
"804",815,0,2,2,1,4,51,"No"
"805",816,2,0,1,2,1,74,"Yes"
"806",817,0,0,2,2,2,65,"No"
"807",818,0,0,2,2,2,89,"No"
"808",819,1,1,4,2,5,32,"No"
"809",820,0,0,2,1,2,78,"No"
"810",821,0,3,1,1,4,48,"No"
"811",822,0,0,2,1,2,59,"No"
"812",823,0,1,2,2,3,43,"No"
"813",824,0,3,2,2,5,47,"No"
"814",825,0,1,2,2,3,50,"No"
"815",826,2,1,1,2,2,44,"No"
"816",827,0,1,1,1,2,56,"No"
"817",828,7,0,2,2,2,67,"No"
"818",829,0,2,2,2,4,40,"No"
"819",830,0,0,2,2,2,70,"No"
"820",831,0,0,2,2,2,73,"No"
"821",832,0,0,3,2,3,64,"No"
"822",833,1,0,1,1,1,49,"Yes"
"823",834,0,0,2,1,2,65,"No"
"824",835,0,0,2,2,2,53,"No"
"825",836,0,0,2,2,2,67,"No"
"826",837,0,0,2,1,2,61,"No"
"827",838,0,0,2,2,2,80,"No"
"828",839,0,1,4,1,5,43,"No"
"829",840,0,0,1,1,1,80,"Yes"
"830",841,0,2,2,1,4,39,"No"
"831",842,7,0,1,1,1,70,"Yes"
"832",843,0,1,1,1,2,43,"No"
"833",844,0,0,2,1,2,73,"No"
"834",845,2,2,2,2,4,42,"No"
"835",846,0,0,1,1,1,87,"Yes"
"836",847,0,0,1,2,1,80,"Yes"
"837",848,0,1,2,2,3,63,"No"
"838",849,0,2,3,1,5,43,"No"
"839",850,0,2,1,1,3,46,"No"
"840",851,0,0,2,1,2,68,"No"
"841",852,0,0,2,2,2,73,"No"
"842",853,0,3,2,1,5,45,"No"
"843",854,0,1,3,2,4,53,"No"
"844",855,2,0,1,1,1,79,"Yes"
"845",856,1,0,2,2,2,72,"No"
"846",857,0,0,1,2,1,98,"Yes"
"847",858,0,0,1,2,1,82,"Yes"
"848",859,0,1,2,1,3,64,"No"
"849",860,0,2,2,1,4,44,"No"
"850",861,0,0,1,1,1,82,"Yes"
"851",862,0,0,1,2,1,69,"Yes"
"852",863,0,0,2,2,2,74,"No"
"853",864,0,0,2,1,2,80,"No"
"854",865,0,0,2,2,2,34,"No"
"855",866,0,0,4,1,4,65,"No"
"856",867,0,1,3,1,4,24,"No"
"857",868,0,0,1,2,1,82,"Yes"
"858",869,0,1,4,2,5,52,"No"
"859",870,0,0,2,2,2,69,"No"
"860",871,0,0,2,1,2,70,"No"
"861",872,0,0,2,1,2,72,"No"
"862",873,0,0,2,2,2,59,"No"
"863",874,0,0,2,2,2,75,"No"
"864",875,0,4,2,1,6,39,"No"
"865",876,0,0,2,2,2,83,"No"
"866",877,0,0,2,2,2,68,"No"
"867",878,1,0,2,2,2,30,"No"
"868",879,0,0,2,1,2,80,"No"
"869",880,0,2,2,2,4,47,"No"
"870",881,0,0,9,1,9,67,"No"
"871",882,3,3,1,2,4,44,"No"
"872",883,0,0,3,1,3,82,"No"
"873",884,0,2,2,1,4,47,"No"
"874",885,0,0,2,1,2,86,"No"
"875",886,0,0,1,2,1,69,"Yes"
"876",887,1,1,3,1,4,29,"No"
"877",888,0,1,2,2,3,38,"No"
"878",889,0,4,2,1,6,46,"No"
"879",890,2,0,1,2,1,55,"Yes"
"880",891,0,0,4,1,4,50,"No"
"881",892,0,3,2,2,5,44,"No"
"882",893,0,0,1,1,1,57,"Yes"
"883",894,0,0,2,2,2,43,"No"
"884",895,0,2,2,1,4,45,"No"
"885",896,0,0,2,1,2,79,"No"
"886",897,1,0,2,2,2,70,"No"
"887",898,0,2,2,2,4,39,"No"
"888",899,0,0,1,2,1,75,"Yes"
"889",900,7,0,2,2,2,69,"No"
"890",901,0,0,2,1,2,73,"No"
"891",902,0,0,2,1,2,69,"No"
"892",903,0,0,2,1,2,79,"No"
"893",904,0,0,1,1,1,73,"Yes"
"894",905,0,0,1,1,1,75,"Yes"
"895",906,0,1,2,1,3,47,"No"
"896",907,0,0,4,2,4,25,"No"
"897",908,0,0,3,2,3,43,"No"
"898",909,0,0,2,1,2,86,"No"
"899",910,0,0,2,2,2,52,"No"
"900",911,0,0,3,2,3,69,"No"
"901",912,0,0,2,1,2,84,"No"
"902",913,0,0,3,1,3,68,"No"
"903",914,0,0,1,1,1,91,"Yes"
"904",915,0,0,2,2,2,39,"No"
"905",916,0,0,2,1,2,37,"No"
"906",917,0,0,2,2,2,72,"No"
"907",918,0,0,2,1,2,71,"No"
"908",919,0,2,3,2,5,33,"No"
"909",920,0,0,1,1,1,51,"Yes"
"910",921,2,2,4,1,6,36,"No"
"911",922,3,0,2,2,2,74,"No"
"912",923,0,2,2,1,4,41,"No"
"913",924,0,0,2,1,2,74,"No"
"914",925,0,0,1,2,1,45,"Yes"
"915",926,0,1,3,1,4,47,"No"
"916",927,0,2,2,2,4,36,"No"
"917",928,0,1,2,2,3,36,"No"
"918",929,0,2,2,2,4,40,"No"
"919",930,0,0,2,1,2,82,"No"
"920",931,2,0,1,1,1,85,"Yes"
"921",932,0,0,2,2,2,52,"No"
"922",933,0,0,1,2,1,38,"Yes"
"923",934,0,1,2,1,3,34,"No"
"924",935,1,3,2,1,5,49,"No"
"925",936,0,0,1,2,1,77,"Yes"
"926",937,0,2,2,1,4,46,"No"
"927",938,0,0,2,1,2,60,"No"
"928",939,0,2,2,1,4,37,"No"
"929",940,0,4,2,2,6,45,"No"
"930",941,0,0,2,2,2,70,"No"
"931",942,0,0,3,2,3,73,"No"
"932",943,6,0,1,2,1,87,"Yes"
"933",944,0,0,2,1,2,63,"No"
"934",945,0,2,2,1,4,29,"No"
"935",946,0,2,3,2,5,59,"No"
"936",947,2,2,2,1,4,39,"No"
"937",948,0,2,2,2,4,46,"No"
"938",949,0,1,2,2,3,59,"No"
"939",950,0,0,3,2,3,50,"No"
"940",951,0,0,2,2,2,68,"No"
"941",952,0,2,2,1,4,39,"No"
"942",953,0,0,1,2,1,77,"Yes"
"943",954,0,2,2,2,4,42,"No"
"944",955,0,0,2,1,2,66,"No"
"945",956,0,0,1,1,1,57,"Yes"
"946",957,0,2,2,2,4,39,"No"
"947",958,0,2,2,2,4,57,"No"
"948",959,0,2,2,1,4,53,"No"
"949",960,2,0,1,2,1,83,"Yes"
"950",961,1,2,2,2,4,38,"No"
"951",962,0,0,2,1,2,58,"No"
"952",963,0,1,2,2,3,48,"No"
"953",964,0,0,3,2,3,71,"No"
"954",965,0,1,5,1,6,58,"No"
"955",966,0,0,4,1,4,25,"No"
"956",967,0,1,2,2,3,37,"No"
"957",968,0,2,2,1,4,47,"No"
"958",969,0,2,2,1,4,47,"No"
"959",970,0,0,2,1,2,48,"No"
"960",971,0,2,2,1,4,44,"No"
"961",972,2,2,2,1,4,42,"No"
"962",973,0,0,2,2,2,41,"No"
"963",974,0,3,3,2,6,26,"No"
"964",975,0,0,4,2,4,42,"No"
"965",976,0,0,2,2,2,37,"No"
"966",977,6,0,1,2,1,69,"Yes"
"967",978,0,0,1,2,1,90,"Yes"
"968",979,0,2,2,2,4,44,"No"
"969",980,0,0,1,2,1,61,"Yes"
"970",981,0,1,2,1,3,42,"No"
"971",982,0,0,2,2,2,67,"No"
"972",983,0,0,1,2,1,82,"Yes"
"973",984,0,0,1,2,1,89,"Yes"
"974",985,0,2,2,1,4,45,"No"
"975",986,0,0,2,1,2,67,"No"
"976",987,0,0,3,2,3,54,"No"
"977",988,0,0,3,2,3,63,"No"
"978",989,0,0,2,2,2,26,"No"
"979",990,0,0,2,1,2,70,"No"
"980",991,0,0,3,2,3,71,"No"
"981",992,0,0,2,2,2,67,"No"
"982",993,0,2,2,1,4,50,"No"
"983",994,2,0,1,2,1,36,"Yes"
"984",995,0,6,2,1,8,44,"No"
"985",996,0,0,2,1,2,79,"No"
"986",997,0,2,2,1,4,55,"No"
"987",998,0,0,2,2,2,74,"No"
"988",999,2,0,2,2,2,66,"No"
"989",1000,0,3,2,2,5,37,"No"
"990",1001,0,2,2,1,4,46,"No"
"991",1002,0,0,2,1,2,74,"No"
"992",1003,0,0,1,1,1,58,"Yes"
"993",1004,0,0,1,2,1,77,"Yes"
"994",1005,0,2,2,2,4,35,"No"
"995",1006,3,0,1,1,1,69,"Yes"
"996",1007,0,0,3,2,3,61,"No"
"997",1008,0,0,2,2,2,68,"No"
"998",1009,7,0,2,2,2,54,"No"
"999",1010,7,0,1,2,1,85,"Yes"
"1000",1011,0,2,2,1,4,48,"No"
"1001",1012,0,1,2,2,3,47,"No"
"1002",1013,0,2,2,2,4,35,"No"
"1003",1014,0,0,2,2,2,72,"No"
"1004",1015,0,0,2,2,2,34,"No"
"1005",1016,4,0,2,1,2,61,"No"
"1006",1017,0,0,2,2,2,74,"No"
"1007",1018,0,2,2,1,4,42,"No"
"1008",1019,0,0,2,1,2,31,"No"
"1009",1020,0,2,2,1,4,40,"No"
"1010",1021,0,0,2,2,2,69,"No"
"1011",1022,0,0,1,2,1,70,"Yes"
"1012",1023,0,2,2,1,4,46,"No"
"1013",1024,0,0,2,2,2,71,"No"
"1014",1025,0,2,2,2,4,35,"No"
"1015",1026,0,0,3,2,3,66,"No"
"1016",1027,0,2,3,1,5,54,"No"
"1017",1028,1,2,3,1,5,53,"No"
"1018",1029,0,0,3,2,3,48,"No"
"1019",1030,0,0,3,1,3,30,"No"
